<?xml version='1.0'?>
<Obfuscator>
    <AssemblySearchPath path="C:\Program Files\dotnet\packs\Microsoft.NETCore.App.Ref\7.0.5\ref\net7.0"/>
    <AssemblySearchPath path="C:\Program Files\dotnet\shared\Microsoft.WindowsDesktop.App\7.0.5"/>
    <AssemblySearchPath path="D:\binean\bin"/>
    
    <Var name="InPath" value="D:\binean\lib" />
    <Var name="OutPath" value="D:\binean\bin" />   
   
    <Module file="$(InPath)\Binean.Foundation.dll" >
        <SkipNamespace name="Binean.Foundation" />
        <SkipNamespace name="Binean.Foundation.*" />
    </Module>
    <Var name="KeepPublicApi" value="true" />
    <Var name="HidePrivateApi" value="true" />
    <Var name="RenameProperties" value="true" />
    <Var name="RenameEvents" value="true" />
    <Var name="RenameFields" value="true" />
    <Var name="UseUnicodeNames" value="true" />
    <Var name="HideStrings" value="true" />
    <Var name="OptimizeMethods" value="true" />
    <Var name="SuppressIldasm" value="true" />
    <Var name="AnalyzeXaml" value="false" />
</Obfuscator>